{
    "nome": "Quuz Air Conditioner",
    "marca": "Pearlpaw",
    "cats": [
        "Health & Care",
        "Qux",
        "Foobar",
        "Qux"
    ],
    "desc": "Ut enim ad minim veniam, quis nostrud exercitation ullamco laboris nisi ut aliquip ex ea commodo consequat. Vivamus nulla elit, vestibulum eget, semper et, scelerisque eget, lacus.",
    "variantes": [
        {
            "nome": "Quuz Air Conditioner - Olive",
            "preco": 5813,
            "emEstoque": true
        },
        {
            "nome": "Quuz Air Conditioner - Blue",
            "preco": 6439,
            "emEstoque": true
        },
        {
            "nome": "Quuz Air Conditioner - Brown",
            "preco": 5856,
            "emEstoque": true
        },
        {
            "nome": "Quuz Air Conditioner - Fuchsia",
            "preco": 4876,
            "emEstoque": true
        },
        {
            "nome": "Quuz Air Conditioner - Aquamarine",
            "preco": 5143,
            "emEstoque": true
        }
    ],
    "especificação": [],
    "avaliação": [],
    "nota": 0,
    "url": "https://infosimples.github.io/ecommerce-example/products/00147"
}